start,end,val,accn,fy,fp,form,filed,frame,quarterly_val,tag,ticker
2013-01-01,2013-12-31,7358000000,0001652044-16-000012,2015,FY,10-K,2016-02-11,,7358000000.0,PaymentsToAcquirePropertyPlantAndEquipment,GOOGL
2014-01-01,2014-09-30,7408000000,0001652044-15-000005,2015,Q3,10-Q,2015-10-29,,7408000000.0,PaymentsToAcquirePropertyPlantAndEquipment,GOOGL
2014-01-01,2014-12-31,11014000000,0001652044-17-000008,2016,FY,10-K,2017-02-03,CY2014,3606000000.0,PaymentsToAcquirePropertyPlantAndEquipment,GOOGL
2015-01-01,2015-03-31,2927000000,0001652044-16-000021,2016,Q1,10-Q,2016-05-03,CY2015Q1,2927000000.0,PaymentsToAcquirePropertyPlantAndEquipment,GOOGL
2015-01-01,2015-06-30,5442000000,0001652044-16-000032,2016,Q2,10-Q,2016-08-04,,2515000000.0,PaymentsToAcquirePropertyPlantAndEquipment,GOOGL
2015-01-01,2015-09-30,7848000000,0001652044-16-000038,2016,Q3,10-Q,2016-11-03,,2406000000.0,PaymentsToAcquirePropertyPlantAndEquipment,GOOGL
2015-01-01,2015-12-31,9950000000,0001652044-18-000007,2017,FY,10-K,2018-02-06,CY2015,2102000000.0,PaymentsToAcquirePropertyPlantAndEquipment,GOOGL
2016-01-01,2016-03-31,2444000000,0001652044-17-000014,2017,Q1,10-Q,2017-05-02,CY2016Q1,2444000000.0,PaymentsToAcquirePropertyPlantAndEquipment,GOOGL
2016-01-01,2016-06-30,4580000000,0001652044-17-000026,2017,Q2,10-Q,2017-07-25,,2136000000.0,PaymentsToAcquirePropertyPlantAndEquipment,GOOGL
2016-07-01,2016-09-30,2554000000,0001652044-17-000042,2017,Q3,10-Q,2017-10-27,CY2016Q3,2554000000.0,PaymentsToAcquirePropertyPlantAndEquipment,GOOGL
2016-01-01,2016-12-31,10212000000,0001652044-19-000004,2018,FY,10-K,2019-02-05,CY2016,3078000000.0,PaymentsToAcquirePropertyPlantAndEquipment,GOOGL
2017-01-01,2017-03-31,2508000000,0001652044-18-000016,2018,Q1,10-Q,2018-04-24,CY2017Q1,2508000000.0,PaymentsToAcquirePropertyPlantAndEquipment,GOOGL
2017-01-01,2017-06-30,5339000000,0001652044-18-000027,2018,Q2,10-Q,2018-07-24,,2831000000.0,PaymentsToAcquirePropertyPlantAndEquipment,GOOGL
2017-07-01,2017-09-30,3538000000,0001652044-18-000035,2018,Q3,10-Q,2018-10-26,CY2017Q3,3538000000.0,PaymentsToAcquirePropertyPlantAndEquipment,GOOGL
2017-01-01,2017-12-31,13184000000,0001652044-20-000008,2019,FY,10-K,2020-02-04,CY2017,4307000000.0,PaymentsToAcquirePropertyPlantAndEquipment,GOOGL
2018-01-01,2018-03-31,7299000000,0001652044-19-000015,2019,Q1,10-Q,2019-04-30,CY2018Q1,7299000000.0,PaymentsToAcquirePropertyPlantAndEquipment,GOOGL
2018-04-01,2018-06-30,5477000000,0001652044-19-000023,2019,Q2,10-Q,2019-07-26,CY2018Q2,5477000000.0,PaymentsToAcquirePropertyPlantAndEquipment,GOOGL
2018-01-01,2018-09-30,18058000000,0001652044-19-000032,2019,Q3,10-Q,2019-10-29,,5282000000.0,PaymentsToAcquirePropertyPlantAndEquipment,GOOGL
2018-01-01,2018-12-31,25139000000,0001652044-21-000010,2020,FY,10-K,2021-02-03,CY2018,7081000000.0,PaymentsToAcquirePropertyPlantAndEquipment,GOOGL
2019-01-01,2019-03-31,4638000000,0001652044-20-000021,2020,Q1,10-Q,2020-04-29,CY2019Q1,4638000000.0,PaymentsToAcquirePropertyPlantAndEquipment,GOOGL
2019-01-01,2019-06-30,10764000000,0001652044-20-000032,2020,Q2,10-Q,2020-07-31,,6126000000.0,PaymentsToAcquirePropertyPlantAndEquipment,GOOGL
2019-07-01,2019-09-30,6732000000,0001652044-20-000050,2020,Q3,10-Q,2020-10-30,CY2019Q3,6732000000.0,PaymentsToAcquirePropertyPlantAndEquipment,GOOGL
2019-01-01,2019-12-31,23548000000,0001652044-22-000019,2021,FY,10-K,2022-02-02,CY2019,6052000000.0,PaymentsToAcquirePropertyPlantAndEquipment,GOOGL
2020-01-01,2020-03-31,6005000000,0001652044-21-000020,2021,Q1,10-Q,2021-04-28,CY2020Q1,6005000000.0,PaymentsToAcquirePropertyPlantAndEquipment,GOOGL
2020-01-01,2020-06-30,11396000000,0001652044-21-000047,2021,Q2,10-Q,2021-07-28,,5391000000.0,PaymentsToAcquirePropertyPlantAndEquipment,GOOGL
2020-01-01,2020-09-30,16802000000,0001652044-21-000057,2021,Q3,10-Q,2021-10-27,,5406000000.0,PaymentsToAcquirePropertyPlantAndEquipment,GOOGL
2020-01-01,2020-12-31,22281000000,0001652044-23-000016,2022,FY,10-K,2023-02-03,CY2020,5479000000.0,PaymentsToAcquirePropertyPlantAndEquipment,GOOGL
2021-01-01,2021-03-31,5942000000,0001652044-22-000029,2022,Q1,10-Q,2022-04-27,CY2021Q1,5942000000.0,PaymentsToAcquirePropertyPlantAndEquipment,GOOGL
2021-01-01,2021-06-30,11438000000,0001652044-22-000071,2022,Q2,10-Q,2022-07-27,,5496000000.0,PaymentsToAcquirePropertyPlantAndEquipment,GOOGL
2021-01-01,2021-09-30,18257000000,0001652044-22-000090,2022,Q3,10-Q,2022-10-26,,6819000000.0,PaymentsToAcquirePropertyPlantAndEquipment,GOOGL
2021-01-01,2021-12-31,24640000000,0001652044-24-000022,2023,FY,10-K,2024-01-31,CY2021,6383000000.0,PaymentsToAcquirePropertyPlantAndEquipment,GOOGL
2022-01-01,2022-03-31,9786000000,0001652044-23-000045,2023,Q1,10-Q,2023-04-26,CY2022Q1,9786000000.0,PaymentsToAcquirePropertyPlantAndEquipment,GOOGL
2022-01-01,2022-06-30,16614000000,0001652044-23-000070,2023,Q2,10-Q,2023-07-26,,6828000000.0,PaymentsToAcquirePropertyPlantAndEquipment,GOOGL
2022-01-01,2022-09-30,23890000000,0001652044-23-000094,2023,Q3,10-Q,2023-10-25,,7276000000.0,PaymentsToAcquirePropertyPlantAndEquipment,GOOGL
2022-01-01,2022-12-31,31485000000,0001652044-25-000014,2024,FY,10-K,2025-02-05,CY2022,7595000000.0,PaymentsToAcquirePropertyPlantAndEquipment,GOOGL
2023-01-01,2023-03-31,6289000000,0001652044-24-000053,2024,Q1,10-Q,2024-04-26,CY2023Q1,6289000000.0,PaymentsToAcquirePropertyPlantAndEquipment,GOOGL
2023-01-01,2023-06-30,13177000000,0001652044-24-000079,2024,Q2,10-Q,2024-07-24,,6888000000.0,PaymentsToAcquirePropertyPlantAndEquipment,GOOGL
2023-01-01,2023-09-30,21232000000,0001652044-24-000118,2024,Q3,10-Q,2024-10-30,,8055000000.0,PaymentsToAcquirePropertyPlantAndEquipment,GOOGL
2023-01-01,2023-12-31,32251000000,0001652044-26-000018,2025,FY,10-K,2026-02-05,CY2023,11019000000.0,PaymentsToAcquirePropertyPlantAndEquipment,GOOGL
2024-01-01,2024-03-31,12012000000,0001652044-25-000043,2025,Q1,10-Q,2025-04-25,CY2024Q1,12012000000.0,PaymentsToAcquirePropertyPlantAndEquipment,GOOGL
2024-01-01,2024-06-30,25198000000,0001652044-25-000062,2025,Q2,10-Q,2025-07-24,,13186000000.0,PaymentsToAcquirePropertyPlantAndEquipment,GOOGL
2024-01-01,2024-09-30,38259000000,0001652044-25-000091,2025,Q3,10-Q,2025-10-30,,13061000000.0,PaymentsToAcquirePropertyPlantAndEquipment,GOOGL
2024-01-01,2024-12-31,52535000000,0001652044-26-000018,2025,FY,10-K,2026-02-05,CY2024,14276000000.0,PaymentsToAcquirePropertyPlantAndEquipment,GOOGL
2025-01-01,2025-03-31,17197000000,0001652044-26-000048,2026,Q1,10-Q,2026-04-30,CY2025Q1,17197000000.0,PaymentsToAcquirePropertyPlantAndEquipment,GOOGL
2025-01-01,2025-06-30,39643000000,0001652044-25-000062,2025,Q2,10-Q,2025-07-24,,22446000000.0,PaymentsToAcquirePropertyPlantAndEquipment,GOOGL
2025-01-01,2025-09-30,63596000000,0001652044-25-000091,2025,Q3,10-Q,2025-10-30,,23953000000.0,PaymentsToAcquirePropertyPlantAndEquipment,GOOGL
2025-01-01,2025-12-31,91447000000,0001652044-26-000018,2025,FY,10-K,2026-02-05,CY2025,27851000000.0,PaymentsToAcquirePropertyPlantAndEquipment,GOOGL
2026-01-01,2026-03-31,35674000000,0001652044-26-000048,2026,Q1,10-Q,2026-04-30,CY2026Q1,35674000000.0,PaymentsToAcquirePropertyPlantAndEquipment,GOOGL
2007-01-01,2007-12-31,224000000,0001193125-10-016098,2009,FY,10-K,2010-01-29,CY2007,224000000.0,PaymentsToAcquirePropertyPlantAndEquipment,AMZN
2008-04-01,2008-06-30,69000000,0001193125-09-154174,2009,Q2,10-Q,2009-07-24,CY2008Q2,69000000.0,PaymentsToAcquirePropertyPlantAndEquipment,AMZN
2008-07-01,2008-09-30,102000000,0001193125-09-212134,2009,Q3,10-Q,2009-10-23,CY2008Q3,102000000.0,PaymentsToAcquirePropertyPlantAndEquipment,AMZN
2008-01-01,2008-12-31,333000000,0001193125-11-016253,2010,FY,10-K,2011-01-28,CY2008,102000000.0,PaymentsToAcquirePropertyPlantAndEquipment,AMZN
2009-01-01,2009-03-31,55000000,0001193125-10-090367,2010,Q1,10-Q,2010-04-23,CY2009Q1,55000000.0,PaymentsToAcquirePropertyPlantAndEquipment,AMZN
2008-07-01,2009-06-30,336000000,0001193125-10-164083,2010,Q2,10-Q,2010-07-23,,234000000.0,PaymentsToAcquirePropertyPlantAndEquipment,AMZN
2008-10-01,2009-09-30,337000000,0001193125-10-233883,2010,Q3,10-Q,2010-10-22,,337000000.0,PaymentsToAcquirePropertyPlantAndEquipment,AMZN
2009-01-01,2009-12-31,373000000,0001193125-12-032846,2011,FY,10-K,2012-02-01,CY2009,137000000.0,PaymentsToAcquirePropertyPlantAndEquipment,AMZN
2009-04-01,2010-03-31,458000000,0001193125-11-110197,2011,Q1,10-Q,2011-04-27,,380000000.0,PaymentsToAcquirePropertyPlantAndEquipment,AMZN
2010-04-01,2010-06-30,196000000,0001193125-11-197823,2011,Q2,10-Q,2011-07-27,CY2010Q2,196000000.0,PaymentsToAcquirePropertyPlantAndEquipment,AMZN
2010-01-01,2010-09-30,651000000,0001193125-11-280739,2011,Q3,10-Q,2011-10-26,,315000000.0,PaymentsToAcquirePropertyPlantAndEquipment,AMZN
2010-01-01,2010-12-31,979000000,0001193125-13-028520,2012,FY,10-K,2013-01-30,CY2010,328000000.0,PaymentsToAcquirePropertyPlantAndEquipment,AMZN
2010-04-01,2011-03-31,1138000000,0001193125-12-187203,2012,Q1,10-Q,2012-04-27,,942000000.0,PaymentsToAcquirePropertyPlantAndEquipment,AMZN
2011-01-01,2011-06-30,731000000,0001193125-12-317409,2012,Q2,10-Q,2012-07-27,,433000000.0,PaymentsToAcquirePropertyPlantAndEquipment,AMZN
2010-10-01,2011-09-30,1589000000,0001193125-12-436012,2012,Q3,10-Q,2012-10-26,,1589000000.0,PaymentsToAcquirePropertyPlantAndEquipment,AMZN
2011-01-01,2011-12-31,1811000000,0001018724-14-000006,2013,FY,10-K,2014-01-31,CY2011,550000000.0,PaymentsToAcquirePropertyPlantAndEquipment,AMZN
2012-01-01,2012-03-31,386000000,0001193125-13-174667,2013,Q1,10-Q,2013-04-26,CY2012Q1,386000000.0,PaymentsToAcquirePropertyPlantAndEquipment,AMZN
2012-04-01,2012-06-30,657000000,0001193125-13-303204,2013,Q2,10-Q,2013-07-26,CY2012Q2,657000000.0,PaymentsToAcquirePropertyPlantAndEquipment,AMZN
2011-10-01,2012-09-30,2310000000,0001445305-13-002495,2013,Q3,10-Q,2013-10-25,,2310000000.0,PaymentsToAcquirePropertyPlantAndEquipment,AMZN
2012-01-01,2012-12-31,3785000000,0001018724-15-000006,2014,FY,10-K,2015-01-30,CY2012,2026000000.0,PaymentsToAcquirePropertyPlantAndEquipment,AMZN
2012-04-01,2013-03-31,4068000000,0001018724-14-000014,2014,Q1,10-Q,2014-04-25,,3411000000.0,PaymentsToAcquirePropertyPlantAndEquipment,AMZN
2012-07-01,2013-06-30,4267000000,0001018724-14-000025,2014,Q2,10-Q,2014-07-25,,3551000000.0,PaymentsToAcquirePropertyPlantAndEquipment,AMZN
2013-07-01,2013-09-30,1038000000,0001018724-14-000055,2014,Q3,10-Q,2014-10-24,CY2013Q3,1038000000.0,PaymentsToAcquirePropertyPlantAndEquipment,AMZN
2013-01-01,2013-12-31,3444000000,0001018724-16-000172,2015,FY,10-K,2016-01-29,CY2013,879000000.0,PaymentsToAcquirePropertyPlantAndEquipment,AMZN
2013-04-01,2014-03-31,3854000000,0001018724-15-000038,2015,Q1,10-Q,2015-04-24,,2999000000.0,PaymentsToAcquirePropertyPlantAndEquipment,AMZN
2014-04-01,2014-06-30,1290000000,0001018724-15-000087,2015,Q2,10-Q,2015-07-24,CY2014Q2,1290000000.0,PaymentsToAcquirePropertyPlantAndEquipment,AMZN
2014-07-01,2014-09-30,1378000000,0001018724-15-000126,2015,Q3,10-Q,2015-10-23,CY2014Q3,1378000000.0,PaymentsToAcquirePropertyPlantAndEquipment,AMZN
2014-01-01,2014-12-31,4893000000,0001018724-17-000011,2016,FY,10-K,2017-02-10,CY2014,1145000000.0,PaymentsToAcquirePropertyPlantAndEquipment,AMZN
2015-01-01,2015-03-31,871000000,0001018724-16-000227,2016,Q1,10-Q,2016-04-29,CY2015Q1,871000000.0,PaymentsToAcquirePropertyPlantAndEquipment,AMZN
2015-01-01,2015-06-30,2084000000,0001018724-16-000286,2016,Q2,10-Q,2016-07-29,,1213000000.0,PaymentsToAcquirePropertyPlantAndEquipment,AMZN
2015-07-01,2015-09-30,1195000000,0001018724-16-000324,2016,Q3,10-Q,2016-10-28,CY2015Q3,1195000000.0,PaymentsToAcquirePropertyPlantAndEquipment,AMZN
2015-01-01,2015-12-31,5387000000,0001018724-18-000005,2017,FY,10-K,2018-02-02,CY2015,5387000000.0,PaymentsForProceedsFromProductiveAssets,AMZN
2016-01-01,2016-03-31,1179000000,0001018724-17-000051,2017,Q1,10-Q,2017-04-28,CY2016Q1,1179000000.0,PaymentsToAcquirePropertyPlantAndEquipment,AMZN
2016-04-01,2016-06-30,1711000000,0001018724-17-000100,2017,Q2,10-Q,2017-07-28,CY2016Q2,1711000000.0,PaymentsForProceedsFromProductiveAssets,AMZN
2015-10-01,2016-09-30,6040000000,0001018724-17-000135,2017,Q3,10-Q,2017-10-27,,6040000000.0,PaymentsForProceedsFromProductiveAssets,AMZN
2016-01-01,2016-12-31,7804000000,0001018724-19-000004,2018,FY,10-K,2019-02-01,CY2016,7804000000.0,PaymentsToAcquireProductiveAssets,AMZN
2017-01-01,2017-03-31,2148000000,0001018724-18-000072,2018,Q1,10-Q,2018-04-27,CY2017Q1,2148000000.0,PaymentsForProceedsFromProductiveAssets,AMZN
2016-07-01,2017-06-30,9763000000,0001018724-18-000108,2018,Q2,10-Q,2018-07-27,,7922000000.0,PaymentsForProceedsFromProductiveAssets,AMZN
2017-01-01,2017-09-30,8336000000,0001018724-18-000159,2018,Q3,10-Q,2018-10-26,,8336000000.0,PaymentsToAcquireProductiveAssets,AMZN
2017-01-01,2017-12-31,11955000000,0001018724-20-000004,2019,FY,10-K,2020-01-31,CY2017,3619000000.0,PaymentsToAcquireProductiveAssets,AMZN
2018-01-01,2018-03-31,3098000000,0001018724-19-000043,2019,Q1,10-Q,2019-04-26,CY2018Q1,3098000000.0,PaymentsToAcquireProductiveAssets,AMZN
2018-04-01,2018-06-30,3243000000,0001018724-19-000071,2019,Q2,10-Q,2019-07-26,CY2018Q2,3243000000.0,PaymentsToAcquireProductiveAssets,AMZN
2017-10-01,2018-09-30,13312000000,0001018724-19-000089,2019,Q3,10-Q,2019-10-25,,13312000000.0,PaymentsToAcquireProductiveAssets,AMZN
2018-01-01,2018-12-31,13427000000,0001018724-21-000004,2020,FY,10-K,2021-02-03,CY2018,3734000000.0,PaymentsToAcquireProductiveAssets,AMZN
2019-01-01,2019-03-31,3290000000,0001018724-20-000010,2020,Q1,10-Q,2020-05-01,CY2019Q1,3290000000.0,PaymentsToAcquireProductiveAssets,AMZN
2019-01-01,2019-06-30,6852000000,0001018724-20-000021,2020,Q2,10-Q,2020-07-31,,3562000000.0,PaymentsToAcquireProductiveAssets,AMZN
2019-07-01,2019-09-30,4697000000,0001018724-20-000030,2020,Q3,10-Q,2020-10-30,CY2019Q3,4697000000.0,PaymentsToAcquireProductiveAssets,AMZN
2019-01-01,2019-12-31,16861000000,0001018724-22-000005,2021,FY,10-K,2022-02-04,CY2019,5312000000.0,PaymentsToAcquireProductiveAssets,AMZN
2019-04-01,2020-03-31,20365000000,0001018724-21-000010,2021,Q1,10-Q,2021-04-30,,16803000000.0,PaymentsToAcquireProductiveAssets,AMZN
2020-01-01,2020-06-30,14254000000,0001018724-21-000020,2021,Q2,10-Q,2021-07-30,,7459000000.0,PaymentsToAcquireProductiveAssets,AMZN
2020-01-01,2020-09-30,25317000000,0001018724-21-000028,2021,Q3,10-Q,2021-10-29,,11063000000.0,PaymentsToAcquireProductiveAssets,AMZN
2020-01-01,2020-12-31,40140000000,0001018724-23-000004,2022,FY,10-K,2023-02-03,CY2020,14823000000.0,PaymentsToAcquireProductiveAssets,AMZN
2021-01-01,2021-03-31,12082000000,0001018724-22-000013,2022,Q1,10-Q,2022-04-29,CY2021Q1,12082000000.0,PaymentsToAcquireProductiveAssets,AMZN
2020-07-01,2021-06-30,52256000000,0001018724-22-000019,2022,Q2,10-Q,2022-07-29,,41193000000.0,PaymentsToAcquireProductiveAssets,AMZN
2020-10-01,2021-09-30,56941000000,0001018724-22-000023,2022,Q3,10-Q,2022-10-28,,56941000000.0,PaymentsToAcquireProductiveAssets,AMZN
2021-01-01,2021-12-31,61053000000,0001018724-24-000008,2023,FY,10-K,2024-02-02,CY2021,18935000000.0,PaymentsToAcquireProductiveAssets,AMZN
2022-01-01,2022-03-31,14951000000,0001018724-23-000008,2023,Q1,10-Q,2023-04-28,CY2022Q1,14951000000.0,PaymentsToAcquireProductiveAssets,AMZN
2022-01-01,2022-06-30,30675000000,0001018724-23-000012,2023,Q2,10-Q,2023-08-04,,15724000000.0,PaymentsToAcquireProductiveAssets,AMZN
2021-10-01,2022-09-30,65988000000,0001018724-23-000018,2023,Q3,10-Q,2023-10-27,,65988000000.0,PaymentsToAcquireProductiveAssets,AMZN
2022-01-01,2022-12-31,63645000000,0001018724-25-000004,2024,FY,10-K,2025-02-07,CY2022,16592000000.0,PaymentsToAcquireProductiveAssets,AMZN
2023-01-01,2023-03-31,14207000000,0001018724-24-000083,2024,Q1,10-Q,2024-05-01,CY2023Q1,14207000000.0,PaymentsToAcquireProductiveAssets,AMZN
2023-04-01,2023-06-30,11455000000,0001018724-24-000130,2024,Q2,10-Q,2024-08-02,CY2023Q2,11455000000.0,PaymentsToAcquireProductiveAssets,AMZN
2023-07-01,2023-09-30,12479000000,0001018724-24-000161,2024,Q3,10-Q,2024-11-01,CY2023Q3,12479000000.0,PaymentsToAcquireProductiveAssets,AMZN
2023-01-01,2023-12-31,52729000000,0001018724-26-000004,2025,FY,10-K,2026-02-06,CY2023,14588000000.0,PaymentsToAcquireProductiveAssets,AMZN
2023-04-01,2024-03-31,53447000000,0001018724-25-000036,2025,Q1,10-Q,2025-05-02,,41992000000.0,PaymentsToAcquireProductiveAssets,AMZN
2024-04-01,2024-06-30,17620000000,0001018724-25-000086,2025,Q2,10-Q,2025-08-01,CY2024Q2,17620000000.0,PaymentsToAcquireProductiveAssets,AMZN
2024-07-01,2024-09-30,22620000000,0001018724-25-000123,2025,Q3,10-Q,2025-10-31,CY2024Q3,22620000000.0,PaymentsToAcquireProductiveAssets,AMZN
2024-01-01,2024-12-31,82999000000,0001018724-26-000004,2025,FY,10-K,2026-02-06,CY2024,27834000000.0,PaymentsToAcquireProductiveAssets,AMZN
2025-01-01,2025-03-31,25019000000,0001018724-26-000014,2026,Q1,10-Q,2026-04-30,CY2025Q1,25019000000.0,PaymentsToAcquireProductiveAssets,AMZN
2024-07-01,2025-06-30,107656000000,0001018724-25-000086,2025,Q2,10-Q,2025-08-01,,85036000000.0,PaymentsToAcquireProductiveAssets,AMZN
2024-10-01,2025-09-30,120131000000,0001018724-25-000123,2025,Q3,10-Q,2025-10-31,,120131000000.0,PaymentsToAcquireProductiveAssets,AMZN
2025-01-01,2025-12-31,131819000000,0001018724-26-000004,2025,FY,10-K,2026-02-06,CY2025,39522000000.0,PaymentsToAcquireProductiveAssets,AMZN
2025-04-01,2026-03-31,151003000000,0001018724-26-000014,2026,Q1,10-Q,2026-04-30,,118820000000.0,PaymentsToAcquireProductiveAssets,AMZN
2010-01-01,2010-12-31,293000000,0001326801-13-000003,2012,FY,10-K,2013-02-01,CY2010,293000000.0,PaymentsToAcquirePropertyPlantAndEquipment,META
2011-01-01,2011-06-30,285000000,0001193125-12-325997,2012,Q2,10-Q,2012-07-31,,285000000.0,PaymentsToAcquirePropertyPlantAndEquipment,META
2011-01-01,2011-09-30,421000000,0001326801-12-000006,2012,Q3,10-Q,2012-10-24,,136000000.0,PaymentsToAcquirePropertyPlantAndEquipment,META
2011-01-01,2011-12-31,606000000,0001326801-14-000007,2013,FY,10-K,2014-01-31,CY2011,185000000.0,PaymentsToAcquirePropertyPlantAndEquipment,META
2012-01-01,2012-03-31,453000000,0001326801-13-000011,2013,Q1,10-Q,2013-05-02,CY2012Q1,453000000.0,PaymentsToAcquirePropertyPlantAndEquipment,META
2012-01-01,2012-06-30,866000000,0001326801-13-000019,2013,Q2,10-Q,2013-07-25,,413000000.0,PaymentsToAcquirePropertyPlantAndEquipment,META
2012-01-01,2012-09-30,1037000000,0001326801-13-000031,2013,Q3,10-Q,2013-11-01,,171000000.0,PaymentsToAcquirePropertyPlantAndEquipment,META
2012-01-01,2012-12-31,1235000000,0001326801-15-000006,2014,FY,10-K,2015-01-29,CY2012,198000000.0,PaymentsToAcquirePropertyPlantAndEquipment,META
2013-01-01,2013-03-31,327000000,0001326801-14-000023,2014,Q1,10-Q,2014-04-25,CY2013Q1,327000000.0,PaymentsToAcquirePropertyPlantAndEquipment,META
2013-01-01,2013-06-30,595000000,0001326801-14-000032,2014,Q2,10-Q,2014-07-24,,268000000.0,PaymentsToAcquirePropertyPlantAndEquipment,META
2013-01-01,2013-09-30,879000000,0001326801-14-000068,2014,Q3,10-Q,2014-10-30,,284000000.0,PaymentsToAcquirePropertyPlantAndEquipment,META
2013-01-01,2013-12-31,1362000000,0001326801-16-000043,2015,FY,10-K,2016-01-28,CY2013,483000000.0,PaymentsToAcquirePropertyPlantAndEquipment,META
2014-01-01,2014-03-31,363000000,0001326801-15-000015,2015,Q1,10-Q,2015-04-23,CY2014Q1,363000000.0,PaymentsToAcquirePropertyPlantAndEquipment,META
2014-01-01,2014-06-30,832000000,0001326801-15-000028,2015,Q2,10-Q,2015-07-31,,469000000.0,PaymentsToAcquirePropertyPlantAndEquipment,META
2014-01-01,2014-09-30,1314000000,0001326801-15-000032,2015,Q3,10-Q,2015-11-05,,482000000.0,PaymentsToAcquirePropertyPlantAndEquipment,META
2014-01-01,2014-12-31,1831000000,0001326801-17-000007,2016,FY,10-K,2017-02-03,CY2014,517000000.0,PaymentsToAcquirePropertyPlantAndEquipment,META
2015-01-01,2015-03-31,502000000,0001326801-16-000067,2016,Q1,10-Q,2016-04-28,CY2015Q1,502000000.0,PaymentsToAcquirePropertyPlantAndEquipment,META
2015-01-01,2015-06-30,1051000000,0001326801-16-000082,2016,Q2,10-Q,2016-07-28,,549000000.0,PaymentsToAcquirePropertyPlantAndEquipment,META
2015-01-01,2015-09-30,1831000000,0001326801-16-000087,2016,Q3,10-Q,2016-11-03,,780000000.0,PaymentsToAcquirePropertyPlantAndEquipment,META
2015-01-01,2015-12-31,2523000000,0001326801-18-000009,2017,FY,10-K,2018-02-01,CY2015,692000000.0,PaymentsToAcquirePropertyPlantAndEquipment,META
2016-01-01,2016-03-31,1132000000,0001326801-17-000024,2017,Q1,10-Q,2017-05-04,CY2016Q1,1132000000.0,PaymentsToAcquirePropertyPlantAndEquipment,META
2016-01-01,2016-06-30,2127000000,0001326801-17-000038,2017,Q2,10-Q,2017-07-27,,995000000.0,PaymentsToAcquirePropertyPlantAndEquipment,META
2016-01-01,2016-09-30,3222000000,0001326801-17-000053,2017,Q3,10-Q,2017-11-02,,1095000000.0,PaymentsToAcquirePropertyPlantAndEquipment,META
2016-01-01,2016-12-31,4491000000,0001326801-19-000009,2018,FY,10-K,2019-01-31,CY2016,1269000000.0,PaymentsToAcquirePropertyPlantAndEquipment,META
2017-01-01,2017-03-31,1271000000,0001326801-18-000032,2018,Q1,10-Q,2018-04-26,CY2017Q1,1271000000.0,PaymentsToAcquirePropertyPlantAndEquipment,META
2017-01-01,2017-06-30,2715000000,0001326801-18-000057,2018,Q2,10-Q,2018-07-26,,1444000000.0,PaymentsToAcquirePropertyPlantAndEquipment,META
2017-01-01,2017-09-30,4470000000,0001326801-18-000067,2018,Q3,10-Q,2018-10-31,,1755000000.0,PaymentsToAcquirePropertyPlantAndEquipment,META
2017-01-01,2017-12-31,6733000000,0001326801-20-000013,2019,FY,10-K,2020-01-30,CY2017,2263000000.0,PaymentsToAcquirePropertyPlantAndEquipment,META
2018-01-01,2018-03-31,2812000000,0001326801-19-000037,2019,Q1,10-Q,2019-04-25,CY2018Q1,2812000000.0,PaymentsToAcquirePropertyPlantAndEquipment,META
2018-01-01,2018-06-30,6272000000,0001326801-19-000055,2019,Q2,10-Q,2019-07-25,,3460000000.0,PaymentsToAcquirePropertyPlantAndEquipment,META
2018-01-01,2018-09-30,9614000000,0001326801-19-000069,2019,Q3,10-Q,2019-10-31,,3342000000.0,PaymentsToAcquirePropertyPlantAndEquipment,META
2018-01-01,2018-12-31,13915000000,0001326801-21-000014,2020,FY,10-K,2021-01-28,CY2018,4301000000.0,PaymentsToAcquirePropertyPlantAndEquipment,META
2019-01-01,2019-03-31,3837000000,0001326801-20-000048,2020,Q1,10-Q,2020-04-30,CY2019Q1,3837000000.0,PaymentsToAcquirePropertyPlantAndEquipment,META
2019-01-01,2019-06-30,7470000000,0001326801-20-000076,2020,Q2,10-Q,2020-07-31,,3633000000.0,PaymentsToAcquirePropertyPlantAndEquipment,META
2019-01-01,2019-09-30,11002000000,0001326801-20-000084,2020,Q3,10-Q,2020-10-30,,3532000000.0,PaymentsToAcquirePropertyPlantAndEquipment,META
2019-01-01,2019-12-31,15102000000,0001326801-22-000018,2021,FY,10-K,2022-02-03,CY2019,4100000000.0,PaymentsToAcquirePropertyPlantAndEquipment,META
2020-01-01,2020-03-31,3558000000,0001326801-21-000033,2021,Q1,10-Q,2021-04-29,CY2020Q1,3558000000.0,PaymentsToAcquirePropertyPlantAndEquipment,META
2020-01-01,2020-06-30,6813000000,0001326801-21-000049,2021,Q2,10-Q,2021-07-29,,3255000000.0,PaymentsToAcquirePropertyPlantAndEquipment,META
2020-01-01,2020-09-30,10502000000,0001326801-21-000065,2021,Q3,10-Q,2021-10-26,,3689000000.0,PaymentsToAcquirePropertyPlantAndEquipment,META
2020-01-01,2020-12-31,15163000000,0001326801-23-000013,2022,FY,10-K,2023-02-02,CY2020,4661000000.0,PaymentsToAcquirePropertyPlantAndEquipment,META
2021-01-01,2021-03-31,4303000000,0001326801-22-000057,2022,Q1,10-Q,2022-04-28,CY2021Q1,4303000000.0,PaymentsToAcquirePropertyPlantAndEquipment,META
2021-01-01,2021-06-30,8944000000,0001326801-22-000082,2022,Q2,10-Q,2022-07-28,,4641000000.0,PaymentsToAcquirePropertyPlantAndEquipment,META
2021-01-01,2021-09-30,13290000000,0001326801-22-000108,2022,Q3,10-Q,2022-10-27,,4346000000.0,PaymentsToAcquirePropertyPlantAndEquipment,META
2021-01-01,2021-12-31,18690000000,0001326801-24-000012,2023,FY,10-K,2024-02-02,CY2021,5400000000.0,PaymentsToAcquirePropertyPlantAndEquipment,META
2022-01-01,2022-03-31,5441000000,0001326801-23-000067,2023,Q1,10-Q,2023-04-27,CY2022Q1,5441000000.0,PaymentsToAcquirePropertyPlantAndEquipment,META
2022-01-01,2022-06-30,13013000000,0001326801-23-000093,2023,Q2,10-Q,2023-07-27,,7572000000.0,PaymentsToAcquirePropertyPlantAndEquipment,META
2022-01-01,2022-09-30,22388000000,0001326801-23-000103,2023,Q3,10-Q,2023-10-26,,9375000000.0,PaymentsToAcquirePropertyPlantAndEquipment,META
2022-01-01,2022-12-31,31186000000,0001326801-25-000017,2024,FY,10-K,2025-01-30,CY2022,8798000000.0,PaymentsToAcquirePropertyPlantAndEquipment,META
2023-01-01,2023-03-31,6823000000,0001326801-24-000049,2024,Q1,10-Q,2024-04-25,CY2023Q1,6823000000.0,PaymentsToAcquirePropertyPlantAndEquipment,META
2023-01-01,2023-06-30,12957000000,0001326801-24-000069,2024,Q2,10-Q,2024-08-01,,6134000000.0,PaymentsToAcquirePropertyPlantAndEquipment,META
2023-01-01,2023-09-30,19453000000,0001326801-24-000081,2024,Q3,10-Q,2024-10-31,,6496000000.0,PaymentsToAcquirePropertyPlantAndEquipment,META
2023-01-01,2023-12-31,27045000000,0001628280-26-003942,2025,FY,10-K,2026-01-29,CY2023,7592000000.0,PaymentsToAcquirePropertyPlantAndEquipment,META
2024-01-01,2024-03-31,6400000000,0001326801-25-000054,2025,Q1,10-Q,2025-05-01,CY2024Q1,6400000000.0,PaymentsToAcquirePropertyPlantAndEquipment,META
2024-01-01,2024-06-30,14573000000,0001628280-25-036791,2025,Q2,10-Q,2025-07-31,,8173000000.0,PaymentsToAcquirePropertyPlantAndEquipment,META
2024-01-01,2024-09-30,22831000000,0001628280-25-047240,2025,Q3,10-Q,2025-10-30,,8258000000.0,PaymentsToAcquirePropertyPlantAndEquipment,META
2024-01-01,2024-12-31,37256000000,0001628280-26-003942,2025,FY,10-K,2026-01-29,CY2024,14425000000.0,PaymentsToAcquirePropertyPlantAndEquipment,META
2025-01-01,2025-03-31,12941000000,0001628280-26-028526,2026,Q1,10-Q,2026-04-30,CY2025Q1,12941000000.0,PaymentsToAcquirePropertyPlantAndEquipment,META
2025-01-01,2025-06-30,29479000000,0001628280-25-036791,2025,Q2,10-Q,2025-07-31,,16538000000.0,PaymentsToAcquirePropertyPlantAndEquipment,META
2025-01-01,2025-09-30,48308000000,0001628280-25-047240,2025,Q3,10-Q,2025-10-30,,18829000000.0,PaymentsToAcquirePropertyPlantAndEquipment,META
2025-01-01,2025-12-31,69691000000,0001628280-26-003942,2025,FY,10-K,2026-01-29,CY2025,21383000000.0,PaymentsToAcquirePropertyPlantAndEquipment,META
2026-01-01,2026-03-31,18997000000,0001628280-26-028526,2026,Q1,10-Q,2026-04-30,CY2026Q1,18997000000.0,PaymentsToAcquirePropertyPlantAndEquipment,META
2007-06-01,2008-05-31,243000000,0001193125-10-151896,2010,FY,10-K,2010-07-01,CY2007,243000000.0,PaymentsForProceedsFromProductiveAssets,ORCL
2008-06-01,2008-08-31,323000000,0001193125-09-195193,2010,Q1,10-Q,2009-09-21,CY2008Q3,323000000.0,PaymentsForProceedsFromProductiveAssets,ORCL
2008-06-01,2008-11-30,399000000,0001193125-09-257212,2010,Q2,10-Q,2009-12-22,,76000000.0,PaymentsForProceedsFromProductiveAssets,ORCL
2008-06-01,2009-02-28,491000000,0001193125-10-070192,2010,Q3,10-Q,2010-03-29,,92000000.0,PaymentsForProceedsFromProductiveAssets,ORCL
2008-06-01,2009-05-31,529000000,0001193125-11-174819,2011,FY,10-K,2011-06-28,CY2008,38000000.0,PaymentsForProceedsFromProductiveAssets,ORCL
2009-06-01,2009-08-31,55000000,0001193125-09-195193,2010,Q1,10-Q,2009-09-21,,55000000.0,PaymentsForProceedsFromProductiveAssets,ORCL
2009-06-01,2009-11-30,100000000,0001193125-10-285703,2011,Q2,10-Q,2010-12-21,,45000000.0,PaymentsForProceedsFromProductiveAssets,ORCL
2009-06-01,2010-02-28,161000000,0001193125-11-081178,2011,Q3,10-Q,2011-03-29,,61000000.0,PaymentsForProceedsFromProductiveAssets,ORCL
2009-06-01,2010-05-31,230000000,0001193125-12-284007,2012,FY,10-K,2012-06-26,CY2009,230000000.0,PaymentsToAcquirePropertyPlantAndEquipment,ORCL
2010-06-01,2010-08-31,118000000,0001193125-11-255436,2012,Q1,10-Q,2011-09-23,CY2010Q3,118000000.0,PaymentsToAcquirePropertyPlantAndEquipment,ORCL
2010-06-01,2010-11-30,239000000,0001193125-11-351954,2012,Q2,10-Q,2011-12-23,,121000000.0,PaymentsToAcquirePropertyPlantAndEquipment,ORCL
2010-06-01,2011-02-28,372000000,0001193125-12-129918,2012,Q3,10-Q,2012-03-23,,133000000.0,PaymentsToAcquirePropertyPlantAndEquipment,ORCL
2010-06-01,2011-05-31,450000000,0001193125-13-272832,2013,FY,10-K,2013-06-26,CY2010,78000000.0,PaymentsToAcquirePropertyPlantAndEquipment,ORCL
2011-06-01,2011-08-31,160000000,0001193125-12-401697,2013,Q1,10-Q,2012-09-24,CY2011Q3,160000000.0,PaymentsToAcquirePropertyPlantAndEquipment,ORCL
2011-06-01,2011-11-30,289000000,0001193125-12-513009,2013,Q2,10-Q,2012-12-21,,129000000.0,PaymentsToAcquirePropertyPlantAndEquipment,ORCL
2011-06-01,2012-02-29,431000000,0001193125-13-122271,2013,Q3,10-Q,2013-03-22,,142000000.0,PaymentsToAcquirePropertyPlantAndEquipment,ORCL
2011-06-01,2012-05-31,648000000,0001193125-14-251351,2014,FY,10-K,2014-06-26,CY2011,217000000.0,PaymentsToAcquirePropertyPlantAndEquipment,ORCL
2012-06-01,2012-08-31,139000000,0001193125-13-373455,2014,Q1,10-Q,2013-09-20,CY2012Q3,139000000.0,PaymentsToAcquirePropertyPlantAndEquipment,ORCL
2012-06-01,2012-11-30,351000000,0001193125-13-481081,2014,Q2,10-Q,2013-12-20,,212000000.0,PaymentsToAcquirePropertyPlantAndEquipment,ORCL
2012-06-01,2013-02-28,467000000,0001193125-14-108126,2014,Q3,10-Q,2014-03-20,,116000000.0,PaymentsToAcquirePropertyPlantAndEquipment,ORCL
2012-06-01,2013-05-31,650000000,0001193125-15-235239,2015,FY,10-K,2015-06-25,CY2012,183000000.0,PaymentsToAcquirePropertyPlantAndEquipment,ORCL
2013-06-01,2013-08-31,153000000,0001193125-14-350291,2015,Q1,10-Q,2014-09-23,CY2013Q3,153000000.0,PaymentsToAcquirePropertyPlantAndEquipment,ORCL
2013-06-01,2013-11-30,279000000,0001193125-14-448728,2015,Q2,10-Q,2014-12-19,,126000000.0,PaymentsToAcquirePropertyPlantAndEquipment,ORCL
2013-06-01,2014-02-28,426000000,0001193125-15-098586,2015,Q3,10-Q,2015-03-19,,147000000.0,PaymentsToAcquirePropertyPlantAndEquipment,ORCL
2013-06-01,2014-05-31,580000000,0001193125-16-628942,2016,FY,10-K,2016-06-22,CY2013,154000000.0,PaymentsToAcquirePropertyPlantAndEquipment,ORCL
2014-06-01,2014-08-31,201000000,0001193125-15-323532,2016,Q1,10-Q,2015-09-18,CY2014Q3,201000000.0,PaymentsToAcquirePropertyPlantAndEquipment,ORCL
2014-06-01,2014-11-30,426000000,0001193125-15-407703,2016,Q2,10-Q,2015-12-18,,225000000.0,PaymentsToAcquirePropertyPlantAndEquipment,ORCL
2014-06-01,2015-02-28,794000000,0001193125-16-510333,2016,Q3,10-Q,2016-03-18,,368000000.0,PaymentsToAcquirePropertyPlantAndEquipment,ORCL
2014-06-01,2015-05-31,1391000000,0001193125-17-214833,2017,FY,10-K,2017-06-27,CY2014,597000000.0,PaymentsToAcquirePropertyPlantAndEquipment,ORCL
2015-06-01,2015-08-31,446000000,0001193125-16-713596,2017,Q1,10-Q,2016-09-19,CY2015Q3,446000000.0,PaymentsToAcquirePropertyPlantAndEquipment,ORCL
2015-06-01,2015-11-30,641000000,0001193125-16-797253,2017,Q2,10-Q,2016-12-19,,195000000.0,PaymentsToAcquirePropertyPlantAndEquipment,ORCL
2015-06-01,2016-02-29,1009000000,0001193125-17-087309,2017,Q3,10-Q,2017-03-17,,368000000.0,PaymentsToAcquirePropertyPlantAndEquipment,ORCL
2015-06-01,2016-05-31,1189000000,0001193125-18-201034,2018,FY,10-K,2018-06-22,CY2015,180000000.0,PaymentsToAcquirePropertyPlantAndEquipment,ORCL
2016-06-01,2016-08-31,299000000,0001193125-17-287455,2018,Q1,10-Q,2017-09-18,CY2016Q3,299000000.0,PaymentsToAcquirePropertyPlantAndEquipment,ORCL
2016-06-01,2016-11-30,1056000000,0001193125-17-372232,2018,Q2,10-Q,2017-12-18,,757000000.0,PaymentsToAcquirePropertyPlantAndEquipment,ORCL
2016-06-01,2017-02-28,1496000000,0001193125-18-090646,2018,Q3,10-Q,2018-03-21,,440000000.0,PaymentsToAcquirePropertyPlantAndEquipment,ORCL
2016-06-01,2017-05-31,2021000000,0001564590-19-023119,2019,FY,10-K,2019-06-21,CY2016,525000000.0,PaymentsToAcquirePropertyPlantAndEquipment,ORCL
2017-06-01,2017-08-31,473000000,0001564590-18-023315,2019,Q1,10-Q,2018-09-19,CY2017Q3,473000000.0,PaymentsToAcquirePropertyPlantAndEquipment,ORCL
2017-06-01,2017-11-30,1072000000,0001564590-18-031113,2019,Q2,10-Q,2018-12-19,,599000000.0,PaymentsToAcquirePropertyPlantAndEquipment,ORCL
2017-06-01,2018-02-28,1358000000,0001564590-19-008273,2019,Q3,10-Q,2019-03-18,,286000000.0,PaymentsToAcquirePropertyPlantAndEquipment,ORCL
2017-06-01,2018-05-31,1736000000,0001564590-20-030125,2020,FY,10-K,2020-06-22,CY2017,378000000.0,PaymentsToAcquirePropertyPlantAndEquipment,ORCL
2018-06-01,2018-08-31,383000000,0001564590-19-034717,2020,Q1,10-Q,2019-09-13,CY2018Q3,383000000.0,PaymentsToAcquirePropertyPlantAndEquipment,ORCL
2018-06-01,2018-11-30,804000000,0001564590-19-045966,2020,Q2,10-Q,2019-12-13,,421000000.0,PaymentsToAcquirePropertyPlantAndEquipment,ORCL
2018-06-01,2019-02-28,1247000000,0001564590-20-010833,2020,Q3,10-Q,2020-03-13,,443000000.0,PaymentsToAcquirePropertyPlantAndEquipment,ORCL
2018-06-01,2019-05-31,1660000000,0001564590-21-033616,2021,FY,10-K,2021-06-21,CY2018,413000000.0,PaymentsToAcquirePropertyPlantAndEquipment,ORCL
2019-06-01,2019-08-31,386000000,0001564590-20-043448,2021,Q1,10-Q,2020-09-15,CY2019Q3,386000000.0,PaymentsToAcquirePropertyPlantAndEquipment,ORCL
2019-06-01,2019-11-30,735000000,0001564590-20-056896,2021,Q2,10-Q,2020-12-11,,349000000.0,PaymentsToAcquirePropertyPlantAndEquipment,ORCL
2019-06-01,2020-02-29,1131000000,0001564590-21-012539,2021,Q3,10-Q,2021-03-11,,396000000.0,PaymentsToAcquirePropertyPlantAndEquipment,ORCL
2019-06-01,2020-05-31,1564000000,0001564590-22-023675,2022,FY,10-K,2022-06-21,CY2019,433000000.0,PaymentsToAcquirePropertyPlantAndEquipment,ORCL
2020-06-01,2020-08-31,436000000,0001564590-21-047772,2022,Q1,10-Q,2021-09-13,CY2020Q3,436000000.0,PaymentsToAcquirePropertyPlantAndEquipment,ORCL
2020-06-01,2020-11-30,1004000000,0001564590-21-060022,2022,Q2,10-Q,2021-12-10,,568000000.0,PaymentsToAcquirePropertyPlantAndEquipment,ORCL
2020-06-01,2021-02-28,1418000000,0001564590-22-009859,2022,Q3,10-Q,2022-03-11,,414000000.0,PaymentsToAcquirePropertyPlantAndEquipment,ORCL
2020-06-01,2021-05-31,2135000000,0000950170-23-028914,2023,FY,10-K,2023-06-20,CY2020,717000000.0,PaymentsToAcquirePropertyPlantAndEquipment,ORCL
2021-06-01,2021-08-31,1062000000,0001564590-22-031545,2023,Q1,10-Q,2022-09-13,CY2021Q3,1062000000.0,PaymentsToAcquirePropertyPlantAndEquipment,ORCL
2021-06-01,2021-11-30,1987000000,0001564590-22-039278,2023,Q2,10-Q,2022-12-13,,925000000.0,PaymentsToAcquirePropertyPlantAndEquipment,ORCL
2021-06-01,2022-02-28,3088000000,0001564590-23-003413,2023,Q3,10-Q,2023-03-10,,1101000000.0,PaymentsToAcquirePropertyPlantAndEquipment,ORCL
2021-06-01,2022-05-31,4511000000,0000950170-24-075605,2024,FY,10-K,2024-06-20,CY2021,1423000000.0,PaymentsToAcquirePropertyPlantAndEquipment,ORCL
2022-06-01,2022-08-31,1719000000,0000950170-23-047713,2024,Q1,10-Q,2023-09-12,CY2022Q3,1719000000.0,PaymentsToAcquirePropertyPlantAndEquipment,ORCL
2022-06-01,2022-11-30,4154000000,0000950170-23-069682,2024,Q2,10-Q,2023-12-12,,2435000000.0,PaymentsToAcquirePropertyPlantAndEquipment,ORCL
2022-06-01,2023-02-28,6782000000,0000950170-24-029904,2024,Q3,10-Q,2024-03-12,,2628000000.0,PaymentsToAcquirePropertyPlantAndEquipment,ORCL
2022-06-01,2023-05-31,8695000000,0000950170-25-087926,2025,FY,10-K,2025-06-18,CY2022,1913000000.0,PaymentsToAcquirePropertyPlantAndEquipment,ORCL
2023-06-01,2023-08-31,1314000000,0000950170-24-104905,2025,Q1,10-Q,2024-09-10,CY2023Q3,1314000000.0,PaymentsToAcquirePropertyPlantAndEquipment,ORCL
2023-06-01,2023-11-30,2394000000,0000950170-24-134973,2025,Q2,10-Q,2024-12-10,,1080000000.0,PaymentsToAcquirePropertyPlantAndEquipment,ORCL
2023-06-01,2024-02-29,4068000000,0000950170-25-037143,2025,Q3,10-Q,2025-03-11,,1674000000.0,PaymentsToAcquirePropertyPlantAndEquipment,ORCL
2023-06-01,2024-05-31,6866000000,0001193125-26-277521,2026,FY,10-K,2026-06-22,CY2023,2798000000.0,PaymentsToAcquirePropertyPlantAndEquipment,ORCL
2024-06-01,2024-08-31,2303000000,0001193125-25-200095,2026,Q1,10-Q,2025-09-10,CY2024Q3,2303000000.0,PaymentsToAcquirePropertyPlantAndEquipment,ORCL
2024-06-01,2024-11-30,6273000000,0001193125-25-315925,2026,Q2,10-Q,2025-12-11,,3970000000.0,PaymentsToAcquirePropertyPlantAndEquipment,ORCL
2024-06-01,2025-02-28,12135000000,0001193125-26-101045,2026,Q3,10-Q,2026-03-11,,5862000000.0,PaymentsToAcquirePropertyPlantAndEquipment,ORCL
2024-06-01,2025-05-31,21215000000,0001193125-26-277521,2026,FY,10-K,2026-06-22,CY2024,9080000000.0,PaymentsToAcquirePropertyPlantAndEquipment,ORCL
2025-06-01,2025-08-31,8502000000,0001193125-25-200095,2026,Q1,10-Q,2025-09-10,CY2025Q3,8502000000.0,PaymentsToAcquirePropertyPlantAndEquipment,ORCL
2025-06-01,2025-11-30,20535000000,0001193125-25-315925,2026,Q2,10-Q,2025-12-11,,12033000000.0,PaymentsToAcquirePropertyPlantAndEquipment,ORCL
2025-06-01,2026-02-28,39170000000,0001193125-26-101045,2026,Q3,10-Q,2026-03-11,,18635000000.0,PaymentsToAcquirePropertyPlantAndEquipment,ORCL
2025-06-01,2026-05-31,55663000000,0001193125-26-277521,2026,FY,10-K,2026-06-22,CY2025,16493000000.0,PaymentsToAcquirePropertyPlantAndEquipment,ORCL
2009-01-26,2010-01-31,77601000,0001045810-12-000013,2011,FY,10-K,2012-03-13,CY2009,77601000.0,PaymentsToAcquirePropertyPlantAndEquipment,NVDA
2010-02-01,2011-01-30,97890000,0001045810-12-000013,2011,FY,10-K,2012-03-13,CY2010,97890000.0,PaymentsToAcquirePropertyPlantAndEquipment,NVDA
2011-01-31,2011-05-01,31195000,0001045810-12-000027,2012,Q1,10-Q,2012-05-23,CY2011Q1,31195000.0,PaymentsToAcquirePropertyPlantAndEquipment,NVDA
2011-01-31,2011-07-31,54518000,0001045810-12-000036,2012,Q2,10-Q,2012-08-22,,23323000.0,PaymentsToAcquirePropertyPlantAndEquipment,NVDA
2011-01-31,2011-10-30,93553000,0001045810-12-000060,2012,Q3,10-Q,2012-11-19,,39035000.0,PaymentsToAcquirePropertyPlantAndEquipment,NVDA
2011-01-31,2012-01-29,138735000,0001045810-12-000013,2011,FY,10-K,2012-03-13,CY2011,45182000.0,PaymentsToAcquirePropertyPlantAndEquipment,NVDA
2012-01-30,2012-04-29,28923000,0001045810-13-000054,2013,Q1,10-Q,2013-05-22,CY2012Q1,28923000.0,PaymentsToAcquirePropertyPlantAndEquipment,NVDA
2012-01-30,2012-07-29,90867000,0001045810-13-000075,2013,Q2,10-Q,2013-08-21,,61944000.0,PaymentsToAcquirePropertyPlantAndEquipment,NVDA
2012-01-30,2012-10-28,135551000,0001045810-13-000109,2013,Q3,10-Q,2013-11-19,,44684000.0,PaymentsToAcquirePropertyPlantAndEquipment,NVDA
2013-01-28,2013-04-28,65667000,0001045810-14-000085,2014,Q1,10-Q,2014-05-21,CY2013Q1,65667000.0,PaymentsToAcquirePropertyPlantAndEquipment,NVDA
2013-01-28,2013-07-28,150653000,0001045810-14-000158,2015,Q2,10-Q,2014-08-20,,84986000.0,PaymentsToAcquirePropertyPlantAndEquipment,NVDA
2013-01-28,2013-10-27,188812000,0001045810-14-000188,2015,Q3,10-Q,2014-11-19,,38159000.0,PaymentsToAcquirePropertyPlantAndEquipment,NVDA
2014-01-27,2014-04-27,29000000,0001045810-15-000097,2016,Q1,10-Q,2015-05-20,CY2014Q1,29000000.0,PaymentsToAcquirePropertyPlantAndEquipment,NVDA
2014-01-27,2014-07-27,52000000,0001045810-15-000143,2016,Q2,10-Q,2015-08-19,,23000000.0,PaymentsToAcquirePropertyPlantAndEquipment,NVDA
2014-01-27,2014-10-26,91000000,0001045810-15-000173,2016,Q3,10-Q,2015-11-18,,39000000.0,PaymentsToAcquirePropertyPlantAndEquipment,NVDA
2015-01-26,2015-04-26,30000000,0001045810-16-000275,2017,Q1,10-Q,2016-05-25,CY2015Q1,30000000.0,PaymentsToAcquirePropertyPlantAndEquipment,NVDA
2015-01-26,2015-07-26,54000000,0001045810-16-000300,2017,Q2,10-Q,2016-08-23,,24000000.0,PaymentsToAcquirePropertyPlantAndEquipment,NVDA
2015-01-26,2015-10-25,71000000,0001045810-16-000353,2017,Q3,10-Q,2016-11-22,,17000000.0,PaymentsToAcquirePropertyPlantAndEquipment,NVDA
2016-02-01,2016-05-01,55000000,0001045810-17-000075,2018,Q1,10-Q,2017-05-23,CY2016Q1,55000000.0,PaymentsToAcquirePropertyPlantAndEquipment,NVDA
2016-02-01,2016-07-31,87000000,0001045810-17-000123,2018,Q2,10-Q,2017-08-23,,32000000.0,PaymentsToAcquirePropertyPlantAndEquipment,NVDA
2016-02-01,2016-10-30,125000000,0001045810-17-000172,2018,Q3,10-Q,2017-11-21,,38000000.0,PaymentsToAcquirePropertyPlantAndEquipment,NVDA
2017-01-30,2017-04-30,54000000,0001045810-18-000080,2019,Q1,10-Q,2018-05-22,CY2017Q1,54000000.0,PaymentsToAcquirePropertyPlantAndEquipment,NVDA
2017-01-30,2017-07-30,108000000,0001045810-18-000114,2019,Q2,10-Q,2018-08-16,,54000000.0,PaymentsToAcquirePropertyPlantAndEquipment,NVDA
2017-01-30,2017-10-29,177000000,0001045810-18-000150,2019,Q3,10-Q,2018-11-15,,69000000.0,PaymentsToAcquirePropertyPlantAndEquipment,NVDA
2018-01-29,2018-04-29,118000000,0001045810-19-000079,2020,Q1,10-Q,2019-05-16,CY2018Q1,118000000.0,PaymentsToAcquirePropertyPlantAndEquipment,NVDA
2018-01-29,2018-07-29,247000000,0001045810-19-000144,2020,Q2,10-Q,2019-08-15,,129000000.0,PaymentsToAcquirePropertyPlantAndEquipment,NVDA
2018-01-29,2018-10-28,397000000,0001045810-19-000170,2020,Q3,10-Q,2019-11-14,,150000000.0,PaymentsToAcquirePropertyPlantAndEquipment,NVDA
2019-01-28,2019-04-28,128000000,0001045810-20-000065,2020,Q1,10-Q,2020-05-21,CY2019Q1,128000000.0,PaymentsToAcquirePropertyPlantAndEquipment,NVDA
2019-01-28,2019-07-28,241000000,0001045810-20-000147,2020,Q2,10-Q,2020-08-19,,113000000.0,PaymentsToAcquirePropertyPlantAndEquipment,NVDA
2019-01-28,2019-10-27,344000000,0001045810-20-000189,2021,Q3,10-Q,2020-11-18,,344000000.0,PaymentsToAcquireProductiveAssets,NVDA
2020-01-27,2020-04-26,155000000,0001045810-21-000064,2022,Q1,10-Q,2021-05-26,CY2020Q1,155000000.0,PaymentsToAcquireProductiveAssets,NVDA
2020-01-27,2020-07-26,372000000,0001045810-21-000131,2022,Q2,10-Q,2021-08-20,,217000000.0,PaymentsToAcquireProductiveAssets,NVDA
2020-01-27,2020-10-25,845000000,0001045810-21-000163,2022,Q3,10-Q,2021-11-22,,473000000.0,PaymentsToAcquireProductiveAssets,NVDA
2021-02-01,2021-05-02,298000000,0001045810-21-000064,2022,Q1,10-Q,2021-05-26,CY2021Q1,298000000.0,PaymentsToAcquireProductiveAssets,NVDA
2021-02-01,2021-08-01,481000000,0001045810-21-000131,2022,Q2,10-Q,2021-08-20,,183000000.0,PaymentsToAcquireProductiveAssets,NVDA
2021-02-01,2021-10-31,703000000,0001045810-21-000163,2022,Q3,10-Q,2021-11-22,,222000000.0,PaymentsToAcquireProductiveAssets,NVDA
2021-02-01,2022-01-30,976000000,0001045810-24-000029,2024,FY,10-K,2024-02-21,CY2021,273000000.0,PaymentsToAcquireProductiveAssets,NVDA
2022-01-31,2022-10-30,1324000000,0001045810-23-000227,2024,Q3,10-Q,2023-11-21,,1324000000.0,PaymentsToAcquireProductiveAssets,NVDA
2022-01-31,2023-01-29,1833000000,0001045810-25-000023,2025,FY,10-K,2025-02-26,CY2022,509000000.0,PaymentsToAcquireProductiveAssets,NVDA
2023-01-30,2023-04-30,248000000,0001045810-24-000124,2025,Q1,10-Q,2024-05-29,CY2023Q1,248000000.0,PaymentsToAcquireProductiveAssets,NVDA
2023-01-30,2023-07-30,537000000,0001045810-24-000264,2025,Q2,10-Q,2024-08-28,,289000000.0,PaymentsToAcquireProductiveAssets,NVDA
2023-01-30,2023-10-29,815000000,0001045810-24-000316,2025,Q3,10-Q,2024-11-20,,278000000.0,PaymentsToAcquireProductiveAssets,NVDA
2023-01-30,2024-01-28,1069000000,0001045810-26-000021,2026,FY,10-K,2026-02-25,CY2023,254000000.0,PaymentsToAcquireProductiveAssets,NVDA
2024-01-29,2024-04-28,369000000,0001045810-25-000116,2026,Q1,10-Q,2025-05-28,CY2024Q1,369000000.0,PaymentsToAcquireProductiveAssets,NVDA
2024-01-29,2024-07-28,1346000000,0001045810-25-000209,2026,Q2,10-Q,2025-08-27,,977000000.0,PaymentsToAcquireProductiveAssets,NVDA
2024-01-29,2024-10-27,2159000000,0001045810-25-000230,2026,Q3,10-Q,2025-11-19,,813000000.0,PaymentsToAcquireProductiveAssets,NVDA
2024-01-29,2025-01-26,3236000000,0001045810-26-000021,2026,FY,10-K,2026-02-25,CY2024,1077000000.0,PaymentsToAcquireProductiveAssets,NVDA
2025-01-27,2025-04-27,1227000000,0001045810-26-000052,2027,Q1,10-Q,2026-05-20,CY2025Q1,1227000000.0,PaymentsToAcquireProductiveAssets,NVDA
2025-01-27,2025-07-27,3122000000,0001045810-25-000209,2026,Q2,10-Q,2025-08-27,,1895000000.0,PaymentsToAcquireProductiveAssets,NVDA
2025-01-27,2025-10-26,4758000000,0001045810-25-000230,2026,Q3,10-Q,2025-11-19,,1636000000.0,PaymentsToAcquireProductiveAssets,NVDA
2025-01-27,2026-01-25,6042000000,0001045810-26-000021,2026,FY,10-K,2026-02-25,CY2025,1284000000.0,PaymentsToAcquireProductiveAssets,NVDA
2026-01-26,2026-04-26,1757000000,0001045810-26-000052,2027,Q1,10-Q,2026-05-20,CY2026Q1,1757000000.0,PaymentsToAcquireProductiveAssets,NVDA
